,Gender,Age,AV,genderFactor,ageFactor,Reserve
0,M,15,100.0,0.8,0.2,16.000000000000004
1,F,17,80.0,0.75,0.2,12.000000000000002
2,F,32,120.0,0.75,0.4,36.00000000000001
3,M,45,150.0,0.8,0.6,72.0
4,M,60,135.0,0.8,0.6,64.8
5,F,75,400.0,0.75,0.6,179.99999999999997
